id,name,model_id:id,group_id:id,perm_read,perm_write,perm_create,perm_unlink
access_management_report_subscription_manager,management.report.subscription.manager,model_management_report_subscription,chatroom_whatsapp.group_chatroom_manager,1,1,1,1
access_chatroom_campaign_manager,chatroom.campaign.manager,model_chatroom_campaign,chatroom_whatsapp.group_chatroom_manager,1,1,1,1
access_chatroom_campaign_user,chatroom.campaign.user,model_chatroom_campaign,chatroom_whatsapp.group_chatroom_user,1,0,0,0
access_chatroom_campaign_recipient_manager,chatroom.campaign.recipient.manager,model_chatroom_campaign_recipient,chatroom_whatsapp.group_chatroom_manager,1,1,1,1
access_chatroom_campaign_recipient_user,chatroom.campaign.recipient.user,model_chatroom_campaign_recipient,chatroom_whatsapp.group_chatroom_user,1,0,0,0
access_ai_knowledge_base_manager,ai.knowledge.base.manager,model_ai_knowledge_base,chatroom_whatsapp.group_chatroom_manager,1,1,1,1
access_ai_knowledge_base_user,ai.knowledge.base.user,model_ai_knowledge_base,chatroom_whatsapp.group_chatroom_user,1,0,0,0
access_chat_automation_rule_manager,chat.automation.rule.manager,model_chat_automation_rule,chatroom_whatsapp.group_chatroom_manager,1,1,1,1
access_chat_automation_rule_user,chat.automation.rule.user,model_chat_automation_rule,chatroom_whatsapp.group_chatroom_user,1,0,0,0
